"","filename","sub","run","ses","task","name","Duration","nTR","Code","muvi_start_volume","muvi_end_volume"
"1","S02_session1_set1_run1-Set1_run1.log","S02","1","1","1","S1ballonD.avi","500083",12,"Action1",6,16
"2","S02_session1_set1_run1-Set1_run1.log","S02","1","1","1","S3breakfastD.avi","790039",19,"Action2",21,38
"3","S02_session1_set1_run1-Set1_run1.log","S02","1","1","1","M1ballonD.avi","510010",12,"Action3",43,53
"4","S02_session1_set1_run1-Set1_run1.log","S02","1","1","1","S6cigaretteD.avi","719969",18,"Action4",58,74
"5","S02_session1_set1_run1-Set1_run1.log","S02","1","1","1","M3breakfastD.avi","790039",19,"Action5",78,95
"6","S02_session1_set1_run1-Set1_run1.log","S02","1","1","1","S7flowersD.avi","820070",20,"Action6",100,118
"7","S02_session1_set1_run1-Set1_run1.log","S02","1","1","1","M6cigaretteD.avi","720053",18,"Action7",122,138
"8","S02_session1_set1_run1-Set1_run1.log","S02","1","1","1","S8frameD.avi","1120036",27,"Action8",142,167
"9","S02_session1_set1_run1-Set1_run1.log","S02","1","1","1","M7flowersD.avi","810059",20,"Action9",172,190
"10","S02_session1_set1_run1-Set1_run1.log","S02","1","1","1","M8frameD.avi","1120036",27,"Action10",194,219
"11","S02_session1_set1_run2-Set1_run2.log","S02","2","1","1","S8frameD.avi","1120036",27,"Action1",6,31
"12","S02_session1_set1_run2-Set1_run2.log","S02","2","1","1","S6cigaretteD.avi","720053",18,"Action2",36,52
"13","S02_session1_set1_run2-Set1_run2.log","S02","2","1","1","M8frameD.avi","1120036",27,"Action3",56,81
"14","S02_session1_set1_run2-Set1_run2.log","S02","2","1","1","S3breakfastD.avi","790039",19,"Action4",86,103
"15","S02_session1_set1_run2-Set1_run2.log","S02","2","1","1","M6cigaretteD.avi","720053",18,"Action5",108,124
"16","S02_session1_set1_run2-Set1_run2.log","S02","2","1","1","S1ballonD.avi","500000",12,"Action6",128,138
"17","S02_session1_set1_run2-Set1_run2.log","S02","2","1","1","M3breakfastD.avi","790039",19,"Action7",143,160
"18","S02_session1_set1_run2-Set1_run2.log","S02","2","1","1","S7flowersD.avi","819986",20,"Action8",165,183
"19","S02_session1_set1_run2-Set1_run2.log","S02","2","1","1","M1ballonD.avi","510010",12,"Action9",187,197
"20","S02_session1_set1_run2-Set1_run2.log","S02","2","1","1","M7flowersD.avi","810059",20,"Action10",202,220
"21","S02_session1_set2_run1-Set2_run1.log","S02","1","1","2","S12letterD.avi","420003",10,"Action1",6,14
"22","S02_session1_set2_run1-Set2_run1.log","S02","1","1","2","S14nailD.avi","489990",12,"Action2",19,29
"23","S02_session1_set2_run1-Set2_run1.log","S02","1","1","2","M12letterD.avi","420003",10,"Action3",33,41
"24","S02_session1_set2_run1-Set2_run1.log","S02","1","1","2","S15juiceD.avi","620036",15,"Action4",46,59
"25","S02_session1_set2_run1-Set2_run1.log","S02","1","1","2","M14nailD.avi","490073",12,"Action5",64,74
"26","S02_session1_set2_run1-Set2_run1.log","S02","1","1","2","S17pillowD.avi","440106",11,"Action6",78,87
"27","S02_session1_set2_run1-Set2_run1.log","S02","1","1","2","M15juiceD.avi","620036",15,"Action7",91,104
"28","S02_session1_set2_run1-Set2_run1.log","S02","1","1","2","S21toastD.avi","649983",16,"Action8",109,123
"29","S02_session1_set2_run1-Set2_run1.log","S02","1","1","2","M17pillowD.avi","440023",11,"Action9",127,136
"30","S02_session1_set2_run1-Set2_run1.log","S02","1","1","2","M21toastD.avi","649983",16,"Action10",140,154
"31","S02_session1_set2_run2-Set2_run2.log","S02","2","1","2","S21toastD.avi","650066",16,"Action1",6,20
"32","S02_session1_set2_run2-Set2_run2.log","S02","2","1","2","S15juiceD.avi","620036",15,"Action2",24,37
"33","S02_session1_set2_run2-Set2_run2.log","S02","2","1","2","M21toastD.avi","650066",16,"Action3",42,56
"34","S02_session1_set2_run2-Set2_run2.log","S02","2","1","2","S14nailD.avi","489990",12,"Action4",60,70
"35","S02_session1_set2_run2-Set2_run2.log","S02","2","1","2","M15juiceD.avi","620036",15,"Action5",74,87
"36","S02_session1_set2_run2-Set2_run2.log","S02","2","1","2","S12letterD.avi","420086",10,"Action6",92,100
"37","S02_session1_set2_run2-Set2_run2.log","S02","2","1","2","M14nailD.avi","489990",12,"Action7",105,115
"38","S02_session1_set2_run2-Set2_run2.log","S02","2","1","2","S17pillowD.avi","440023",11,"Action8",119,128
"39","S02_session1_set2_run2-Set2_run2.log","S02","2","1","2","M12letterD.avi","420003",10,"Action9",132,140
"40","S02_session1_set2_run2-Set2_run2.log","S02","2","1","2","M17pillowD.avi","440023",11,"Action10",145,154
"41","S02_session2_set3_run1-Set3_run1.log","S02","1","2","3","S13lightD.avi","500000",12,"Action1",6,16
"42","S02_session2_set3_run1-Set3_run1.log","S02","1","2","3","S16pencilD.avi","829996",20,"Action2",21,39
"43","S02_session2_set3_run1-Set3_run1.log","S02","1","2","3","M13lightD.avi","510010",12,"Action3",44,54
"44","S02_session2_set3_run1-Set3_run1.log","S02","1","2","3","S18removerD.avi","640056",16,"Action4",59,73
"45","S02_session2_set3_run1-Set3_run1.log","S02","1","2","3","M16pencilD.avi","829996",20,"Action5",77,95
"46","S02_session2_set3_run1-Set3_run1.log","S02","1","2","3","S19sandwichD.avi","760010",19,"Action6",100,117
"47","S02_session2_set3_run1-Set3_run1.log","S02","1","2","3","M18removerD.avi","640056",16,"Action7",121,135
"48","S02_session2_set3_run1-Set3_run1.log","S02","1","2","3","S22shirtD.avi","380047",9,"Action8",139,146
"49","S02_session2_set3_run1-Set3_run1.log","S02","1","2","3","M19sandwichD.avi","770020",19,"Action9",151,168
"50","S02_session2_set3_run1-Set3_run1.log","S02","1","2","3","M22shirtD.avi","380046",9,"Action10",172,179
"51","S02_session2_set3_run2-Set3_run2.log","S02","2","2","3","S22shirtD.avi","380047",9,"Action1",6,13
"52","S02_session2_set3_run2-Set3_run2.log","S02","2","2","3","S18removerD.avi","640056",16,"Action2",18,32
"53","S02_session2_set3_run2-Set3_run2.log","S02","2","2","3","M22shirtD.avi","380046",9,"Action3",36,43
"54","S02_session2_set3_run2-Set3_run2.log","S02","2","2","3","S16pencilD.avi","830080",20,"Action4",48,66
"55","S02_session2_set3_run2-Set3_run2.log","S02","2","2","3","M18removerD.avi","640056",16,"Action5",71,85
"56","S02_session2_set3_run2-Set3_run2.log","S02","2","2","3","S13lightD.avi","500083",12,"Action6",89,99
"57","S02_session2_set3_run2-Set3_run2.log","S02","2","2","3","M16pencilD.avi","830079",20,"Action7",104,122
"58","S02_session2_set3_run2-Set3_run2.log","S02","2","2","3","S19sandwichD.avi","760009",19,"Action8",127,144
"59","S02_session2_set3_run2-Set3_run2.log","S02","2","2","3","M13lightD.avi","510010",12,"Action9",148,158
"60","S02_session2_set3_run2-Set3_run2.log","S02","2","2","3","M19sandwichD.avi","770019",19,"Action10",163,180
"61","S02_session2_set4_run1-Set4_run1.log","S02","1","2","4","S2boatD.avi","940023",23,"Action1",6,27
"62","S02_session2_set4_run1-Set4_run1.log","S02","1","2","4","S4buttonD.avi","660076",16,"Action2",31,45
"63","S02_session2_set4_run1-Set4_run1.log","S02","1","2","4","M2boatD.avi","940023",23,"Action3",50,71
"64","S02_session2_set4_run1-Set4_run1.log","S02","1","2","4","S5cardD.avi","829996",20,"Action4",75,93
"65","S02_session2_set4_run1-Set4_run1.log","S02","1","2","4","M4buttonD.avi","659993",16,"Action5",98,112
"66","S02_session2_set4_run1-Set4_run1.log","S02","1","2","4","M5cardD.avi","829996",20,"Action6",117,135
"67","S02_session2_set4_run2-Set4_run2.log","S02","2","2","4","S5cardD.avi","830080",20,"Action1",6,24
"68","S02_session2_set4_run2-Set4_run2.log","S02","2","2","4","S4buttonD.avi","659993",16,"Action2",29,43
"69","S02_session2_set4_run2-Set4_run2.log","S02","2","2","4","M5cardD.avi","829996",20,"Action3",48,66
"70","S02_session2_set4_run2-Set4_run2.log","S02","2","2","4","S2boatD.avi","940023",23,"Action4",71,92
"71","S02_session2_set4_run2-Set4_run2.log","S02","2","2","4","M4buttonD.avi","659993",16,"Action5",96,110
"72","S02_session2_set4_run2-Set4_run2.log","S02","2","2","4","M2boatD.avi","940023",23,"Action6",115,136
"73","S03_session1_set1_run1-Set1_run1.log","S03","1","1","1","S1ballonD.avi","500000",12,"Action1",6,16
"74","S03_session1_set1_run1-Set1_run1.log","S03","1","1","1","S3breakfastD.avi","790040",19,"Action2",21,38
"75","S03_session1_set1_run1-Set1_run1.log","S03","1","1","1","M1ballonD.avi","510010",12,"Action3",43,53
"76","S03_session1_set1_run1-Set1_run1.log","S03","1","1","1","S6cigaretteD.avi","720053",18,"Action4",58,74
"77","S03_session1_set1_run1-Set1_run1.log","S03","1","1","1","M3breakfastD.avi","790039",19,"Action5",78,95
"78","S03_session1_set1_run1-Set1_run1.log","S03","1","1","1","S7flowersD.avi","819986",20,"Action6",100,118
"79","S03_session1_set1_run1-Set1_run1.log","S03","1","1","1","M6cigaretteD.avi","719969",18,"Action7",122,138
"80","S03_session1_set1_run1-Set1_run1.log","S03","1","1","1","S8frameD.avi","1120036",27,"Action8",142,167
"81","S03_session1_set1_run1-Set1_run1.log","S03","1","1","1","M7flowersD.avi","809976",20,"Action9",172,190
"82","S03_session1_set1_run1-Set1_run1.log","S03","1","1","1","M8frameD.avi","1119952",27,"Action10",194,219
"83","S03_session1_set1_run2-Set1_run2.log","S03","2","1","1","S8frameD.avi","1120036",27,"Action1",6,31
"84","S03_session1_set1_run2-Set1_run2.log","S03","2","1","1","S6cigaretteD.avi","719969",18,"Action2",36,52
"85","S03_session1_set1_run2-Set1_run2.log","S03","2","1","1","M8frameD.avi","1120036",27,"Action3",56,81
"86","S03_session1_set1_run2-Set1_run2.log","S03","2","1","1","S3breakfastD.avi","790039",19,"Action4",86,103
"87","S03_session1_set1_run2-Set1_run2.log","S03","2","1","1","M6cigaretteD.avi","719969",18,"Action5",108,124
"88","S03_session1_set1_run2-Set1_run2.log","S03","2","1","1","S1ballonD.avi","500083",12,"Action6",128,138
"89","S03_session1_set1_run2-Set1_run2.log","S03","2","1","1","M3breakfastD.avi","790039",19,"Action7",143,160
"90","S03_session1_set1_run2-Set1_run2.log","S03","2","1","1","S7flowersD.avi","819986",20,"Action8",165,183
"91","S03_session1_set1_run2-Set1_run2.log","S03","2","1","1","M1ballonD.avi","510010",12,"Action9",187,197
"92","S03_session1_set1_run2-Set1_run2.log","S03","2","1","1","M7flowersD.avi","809976",20,"Action10",202,220
"93","S03_session1_set2_run1-Set2_run1.log","S03","1","1","2","S12letterD.avi","420003",10,"Action1",6,14
"94","S03_session1_set2_run1-Set2_run1.log","S03","1","1","2","S14nailD.avi","489990",12,"Action2",19,29
"95","S03_session1_set2_run1-Set2_run1.log","S03","1","1","2","M12letterD.avi","420003",10,"Action3",33,41
"96","S03_session1_set2_run1-Set2_run1.log","S03","1","1","2","S15juiceD.avi","620036",15,"Action4",46,59
"97","S03_session1_set2_run1-Set2_run1.log","S03","1","1","2","M14nailD.avi","489990",12,"Action5",64,74
"98","S03_session1_set2_run1-Set2_run1.log","S03","1","1","2","S17pillowD.avi","440023",11,"Action6",78,87
"99","S03_session1_set2_run1-Set2_run1.log","S03","1","1","2","M15juiceD.avi","619953",15,"Action7",91,104
"100","S03_session1_set2_run1-Set2_run1.log","S03","1","1","2","S21toastD.avi","650066",16,"Action8",109,123
"101","S03_session1_set2_run1-Set2_run1.log","S03","1","1","2","M17pillowD.avi","440023",11,"Action9",127,136
"102","S03_session1_set2_run1-Set2_run1.log","S03","1","1","2","M21toastD.avi","650066",16,"Action10",140,154
"103","S03_session1_set2_run2-Set2_run2.log","S03","2","1","2","S21toastD.avi","649983",16,"Action1",6,20
"104","S03_session1_set2_run2-Set2_run2.log","S03","2","1","2","S15juiceD.avi","619953",15,"Action2",24,37
"105","S03_session1_set2_run2-Set2_run2.log","S03","2","1","2","M21toastD.avi","649983",16,"Action3",42,56
"106","S03_session1_set2_run2-Set2_run2.log","S03","2","1","2","S14nailD.avi","489990",12,"Action4",60,70
"107","S03_session1_set2_run2-Set2_run2.log","S03","2","1","2","M15juiceD.avi","620036",15,"Action5",74,87
"108","S03_session1_set2_run2-Set2_run2.log","S03","2","1","2","S12letterD.avi","420086",10,"Action6",92,100
"109","S03_session1_set2_run2-Set2_run2.log","S03","2","1","2","M14nailD.avi","489990",12,"Action7",105,115
"110","S03_session1_set2_run2-Set2_run2.log","S03","2","1","2","S17pillowD.avi","440023",11,"Action8",119,128
"111","S03_session1_set2_run2-Set2_run2.log","S03","2","1","2","M12letterD.avi","420003",10,"Action9",132,140
"112","S03_session1_set2_run2-Set2_run2.log","S03","2","1","2","M17pillowD.avi","440023",11,"Action10",145,154
"113","S03_session2_set3_run1-Set3_run1.log","S03","1","2","3","S13lightD.avi","500000",12,"Action1",6,16
"114","S03_session2_set3_run1-Set3_run1.log","S03","1","2","3","S16pencilD.avi","829997",20,"Action2",21,39
"115","S03_session2_set3_run1-Set3_run1.log","S03","1","2","3","M13lightD.avi","510010",12,"Action3",44,54
"116","S03_session2_set3_run1-Set3_run1.log","S03","1","2","3","S18removerD.avi","639973",16,"Action4",59,73
"117","S03_session2_set3_run1-Set3_run1.log","S03","1","2","3","M16pencilD.avi","830080",20,"Action5",77,95
"118","S03_session2_set3_run1-Set3_run1.log","S03","1","2","3","S19sandwichD.avi","760010",19,"Action6",100,117
"119","S03_session2_set3_run1-Set3_run1.log","S03","1","2","3","M18removerD.avi","640057",16,"Action7",121,135
"120","S03_session2_set3_run1-Set3_run1.log","S03","1","2","3","S22shirtD.avi","379963",9,"Action8",139,146
"121","S03_session2_set3_run1-Set3_run1.log","S03","1","2","3","M19sandwichD.avi","770020",19,"Action9",151,168
"122","S03_session2_set3_run1-Set3_run1.log","S03","1","2","3","M22shirtD.avi","380047",9,"Action10",172,179
"123","S03_session2_set3_run2-Set3_run2.log","S03","2","2","3","S22shirtD.avi","380047",9,"Action1",6,13
"124","S03_session2_set3_run2-Set3_run2.log","S03","2","2","3","S18removerD.avi","640057",16,"Action2",18,32
"125","S03_session2_set3_run2-Set3_run2.log","S03","2","2","3","M22shirtD.avi","380047",9,"Action3",36,43
"126","S03_session2_set3_run2-Set3_run2.log","S03","2","2","3","S16pencilD.avi","829997",20,"Action4",48,66
"127","S03_session2_set3_run2-Set3_run2.log","S03","2","2","3","M18removerD.avi","640057",16,"Action5",71,85
"128","S03_session2_set3_run2-Set3_run2.log","S03","2","2","3","S13lightD.avi","500000",12,"Action6",89,99
"129","S03_session2_set3_run2-Set3_run2.log","S03","2","2","3","M16pencilD.avi","829997",20,"Action7",104,122
"130","S03_session2_set3_run2-Set3_run2.log","S03","2","2","3","S19sandwichD.avi","760010",19,"Action8",127,144
"131","S03_session2_set3_run2-Set3_run2.log","S03","2","2","3","M13lightD.avi","510093",12,"Action9",148,158
"132","S03_session2_set3_run2-Set3_run2.log","S03","2","2","3","M19sandwichD.avi","770020",19,"Action10",163,180
"133","S03_session2_set4_run1-Set4_run1.log","S03","1","2","4","S2boatD.avi","940023",23,"Action1",6,27
"134","S03_session2_set4_run1-Set4_run1.log","S03","1","2","4","S4buttonD.avi","659993",16,"Action2",31,45
"135","S03_session2_set4_run1-Set4_run1.log","S03","1","2","4","M2boatD.avi","940023",23,"Action3",50,71
"136","S03_session2_set4_run1-Set4_run1.log","S03","1","2","4","S5cardD.avi","829997",20,"Action4",75,93
"137","S03_session2_set4_run1-Set4_run1.log","S03","1","2","4","M4buttonD.avi","659993",16,"Action5",98,112
"138","S03_session2_set4_run1-Set4_run1.log","S03","1","2","4","M5cardD.avi","829997",20,"Action6",117,135
"139","S03_session2_set4_run2-Set4_run2.log","S03","2","2","4","S5cardD.avi","829997",20,"Action1",6,24
"140","S03_session2_set4_run2-Set4_run2.log","S03","2","2","4","S4buttonD.avi","660077",16,"Action2",29,43
"141","S03_session2_set4_run2-Set4_run2.log","S03","2","2","4","M5cardD.avi","830080",20,"Action3",48,66
"142","S03_session2_set4_run2-Set4_run2.log","S03","2","2","4","S2boatD.avi","940023",23,"Action4",71,92
"143","S03_session2_set4_run2-Set4_run2.log","S03","2","2","4","M4buttonD.avi","659993",16,"Action5",96,110
"144","S03_session2_set4_run2-Set4_run2.log","S03","2","2","4","M2boatD.avi","940023",23,"Action6",115,136
"145","S05_session1_set1_run1-Set1_run1.log","S05","1","1","1","S1ballonD.avi","500000",12,"Action1",6,16
"146","S05_session1_set1_run1-Set1_run1.log","S05","1","1","1","S3breakfastD.avi","790040",19,"Action2",21,38
"147","S05_session1_set1_run1-Set1_run1.log","S05","1","1","1","M1ballonD.avi","510010",12,"Action3",43,53
"148","S05_session1_set1_run1-Set1_run1.log","S05","1","1","1","S6cigaretteD.avi","720053",18,"Action4",58,74
"149","S05_session1_set1_run1-Set1_run1.log","S05","1","1","1","M3breakfastD.avi","790040",19,"Action5",78,95
"150","S05_session1_set1_run1-Set1_run1.log","S05","1","1","1","S7flowersD.avi","819986",20,"Action6",100,118
"151","S05_session1_set1_run1-Set1_run1.log","S05","1","1","1","M6cigaretteD.avi","720053",18,"Action7",123,139
"152","S05_session1_set1_run1-Set1_run1.log","S05","1","1","1","S8frameD.avi","1120036",27,"Action8",143,168
"153","S05_session1_set1_run1-Set1_run1.log","S05","1","1","1","M7flowersD.avi","810060",20,"Action9",173,191
"154","S05_session1_set1_run1-Set1_run1.log","S05","1","1","1","M8frameD.avi","1120036",27,"Action10",195,220
"155","S05_session1_set1_run2-Set1_run2.log","S05","2","1","1","S8frameD.avi","1120036",27,"Action1",6,31
"156","S05_session1_set1_run2-Set1_run2.log","S05","2","1","1","S6cigaretteD.avi","720053",18,"Action2",36,52
"157","S05_session1_set1_run2-Set1_run2.log","S05","2","1","1","M8frameD.avi","1120036",27,"Action3",56,81
"158","S05_session1_set1_run2-Set1_run2.log","S05","2","1","1","S3breakfastD.avi","790039",19,"Action4",86,103
"159","S05_session1_set1_run2-Set1_run2.log","S05","2","1","1","M6cigaretteD.avi","720053",18,"Action5",108,124
"160","S05_session1_set1_run2-Set1_run2.log","S05","2","1","1","S1ballonD.avi","500000",12,"Action6",128,138
"161","S05_session1_set1_run2-Set1_run2.log","S05","2","1","1","M3breakfastD.avi","790040",19,"Action7",143,160
"162","S05_session1_set1_run2-Set1_run2.log","S05","2","1","1","S7flowersD.avi","819986",20,"Action8",165,183
"163","S05_session1_set1_run2-Set1_run2.log","S05","2","1","1","M1ballonD.avi","510010",12,"Action9",188,198
"164","S05_session1_set1_run2-Set1_run2.log","S05","2","1","1","M7flowersD.avi","809976",20,"Action10",203,221
"165","S05_session1_set2_run1-Set2_run1.log","S05","1","1","2","S12letterD.avi","420086",10,"Action1",6,14
"166","S05_session1_set2_run1-Set2_run1.log","S05","1","1","2","S14nailD.avi","489990",12,"Action2",19,29
"167","S05_session1_set2_run1-Set2_run1.log","S05","1","1","2","M12letterD.avi","420003",10,"Action3",33,41
"168","S05_session1_set2_run1-Set2_run1.log","S05","1","1","2","S15juiceD.avi","619953",15,"Action4",46,59
"169","S05_session1_set2_run1-Set2_run1.log","S05","1","1","2","M14nailD.avi","490073",12,"Action5",64,74
"170","S05_session1_set2_run1-Set2_run1.log","S05","1","1","2","S17pillowD.avi","440023",11,"Action6",78,87
"171","S05_session1_set2_run1-Set2_run1.log","S05","1","1","2","M15juiceD.avi","620036",15,"Action7",91,104
"172","S05_session1_set2_run1-Set2_run1.log","S05","1","1","2","S21toastD.avi","649983",16,"Action8",109,123
"173","S05_session1_set2_run1-Set2_run1.log","S05","1","1","2","M17pillowD.avi","440023",11,"Action9",127,136
"174","S05_session1_set2_run1-Set2_run1.log","S05","1","1","2","M21toastD.avi","649983",16,"Action10",140,154
"175","S05_session1_set2_run2-Set2_run2.log","S05","2","1","2","S21toastD.avi","649983",16,"Action1",6,20
"176","S05_session1_set2_run2-Set2_run2.log","S05","2","1","2","S15juiceD.avi","620036",15,"Action2",24,37
"177","S05_session1_set2_run2-Set2_run2.log","S05","2","1","2","M21toastD.avi","649983",16,"Action3",42,56
"178","S05_session1_set2_run2-Set2_run2.log","S05","2","1","2","S14nailD.avi","490073",12,"Action4",60,70
"179","S05_session1_set2_run2-Set2_run2.log","S05","2","1","2","M15juiceD.avi","620036",15,"Action5",74,87
"180","S05_session1_set2_run2-Set2_run2.log","S05","2","1","2","S12letterD.avi","420003",10,"Action6",92,100
"181","S05_session1_set2_run2-Set2_run2.log","S05","2","1","2","M14nailD.avi","489990",12,"Action7",105,115
"182","S05_session1_set2_run2-Set2_run2.log","S05","2","1","2","S17pillowD.avi","440023",11,"Action8",119,128
"183","S05_session1_set2_run2-Set2_run2.log","S05","2","1","2","M12letterD.avi","420003",10,"Action9",132,140
"184","S05_session1_set2_run2-Set2_run2.log","S05","2","1","2","M17pillowD.avi","440023",11,"Action10",145,154
"185","S05_session2_set3_run1-Set3_run1.log","S05","1","2","3","S13lightD.avi","500001",12,"Action1",6,16
"186","S05_session2_set3_run1-Set3_run1.log","S05","1","2","3","S16pencilD.avi","829998",20,"Action2",21,39
"187","S05_session2_set3_run1-Set3_run1.log","S05","1","2","3","M13lightD.avi","510011",12,"Action3",44,54
"188","S05_session2_set3_run1-Set3_run1.log","S05","1","2","3","S18removerD.avi","640058",16,"Action4",59,73
"189","S05_session2_set3_run1-Set3_run1.log","S05","1","2","3","M16pencilD.avi","829998",20,"Action5",77,95
"190","S05_session2_set3_run1-Set3_run1.log","S05","1","2","3","S19sandwichD.avi","760011",19,"Action6",100,117
"191","S05_session2_set3_run1-Set3_run1.log","S05","1","2","3","M18removerD.avi","639974",16,"Action7",121,135
"192","S05_session2_set3_run1-Set3_run1.log","S05","1","2","3","S22shirtD.avi","380047",9,"Action8",139,146
"193","S05_session2_set3_run1-Set3_run1.log","S05","1","2","3","M19sandwichD.avi","770021",19,"Action9",151,168
"194","S05_session2_set3_run1-Set3_run1.log","S05","1","2","3","M22shirtD.avi","380047",9,"Action10",172,179
"195","S05_session2_set3_run2-Set3_run2.log","S05","2","2","3","S22shirtD.avi","380047",9,"Action1",6,13
"196","S05_session2_set3_run2-Set3_run2.log","S05","2","2","3","S18removerD.avi","640058",16,"Action2",18,32
"197","S05_session2_set3_run2-Set3_run2.log","S05","2","2","3","M22shirtD.avi","379964",9,"Action3",36,43
"198","S05_session2_set3_run2-Set3_run2.log","S05","2","2","3","S16pencilD.avi","829998",20,"Action4",48,66
"199","S05_session2_set3_run2-Set3_run2.log","S05","2","2","3","M18removerD.avi","640057",16,"Action5",71,85
"200","S05_session2_set3_run2-Set3_run2.log","S05","2","2","3","S13lightD.avi","500001",12,"Action6",89,99
"201","S05_session2_set3_run2-Set3_run2.log","S05","2","2","3","M16pencilD.avi","830081",20,"Action7",104,122
"202","S05_session2_set3_run2-Set3_run2.log","S05","2","2","3","S19sandwichD.avi","760011",19,"Action8",127,144
"203","S05_session2_set3_run2-Set3_run2.log","S05","2","2","3","M13lightD.avi","510011",12,"Action9",148,158
"204","S05_session2_set3_run2-Set3_run2.log","S05","2","2","3","M19sandwichD.avi","770021",19,"Action10",163,180
"205","S05_session2_set4_run1-Set4_run1.log","S05","1","2","4","S2boatD.avi","940024",23,"Action1",6,27
"206","S05_session2_set4_run1-Set4_run1.log","S05","1","2","4","S4buttonD.avi","660077",16,"Action2",31,45
"207","S05_session2_set4_run1-Set4_run1.log","S05","1","2","4","M2boatD.avi","940024",23,"Action3",50,71
"208","S05_session2_set4_run1-Set4_run1.log","S05","1","2","4","S5cardD.avi","829998",20,"Action4",75,93
"209","S05_session2_set4_run1-Set4_run1.log","S05","1","2","4","M4buttonD.avi","660077",16,"Action5",98,112
"210","S05_session2_set4_run1-Set4_run1.log","S05","1","2","4","M5cardD.avi","829998",20,"Action6",117,135
"211","S05_session2_set4_run2-Set4_run2.log","S05","2","2","4","S5cardD.avi","829998",20,"Action1",6,24
"212","S05_session2_set4_run2-Set4_run2.log","S05","2","2","4","S4buttonD.avi","659994",16,"Action2",29,43
"213","S05_session2_set4_run2-Set4_run2.log","S05","2","2","4","M5cardD.avi","829998",20,"Action3",48,66
"214","S05_session2_set4_run2-Set4_run2.log","S05","2","2","4","S2boatD.avi","940024",23,"Action4",71,92
"215","S05_session2_set4_run2-Set4_run2.log","S05","2","2","4","M4buttonD.avi","659994",16,"Action5",96,110
"216","S05_session2_set4_run2-Set4_run2.log","S05","2","2","4","M2boatD.avi","940025",23,"Action6",115,136
"217","S06_session1_set1_run1-Set1_run1.log","S06","1","1","1","S1ballonD.avi","499987",12,"Action1",7,17
"218","S06_session1_set1_run1-Set1_run1.log","S06","1","1","1","S3breakfastD.avi","790027",19,"Action2",22,39
"219","S06_session1_set1_run1-Set1_run1.log","S06","1","1","1","M1ballonD.avi","509988",12,"Action3",44,54
"220","S06_session1_set1_run1-Set1_run1.log","S06","1","1","1","S6cigaretteD.avi","720018",18,"Action4",59,75
"221","S06_session1_set1_run1-Set1_run1.log","S06","1","1","1","M3breakfastD.avi","790027",19,"Action5",79,96
"222","S06_session1_set1_run1-Set1_run1.log","S06","1","1","1","S7flowersD.avi","820032",20,"Action6",101,119
"223","S06_session1_set1_run1-Set1_run1.log","S06","1","1","1","M6cigaretteD.avi","720018",18,"Action7",123,139
"224","S06_session1_set1_run1-Set1_run1.log","S06","1","1","1","S8frameD.avi","1119990",27,"Action8",143,168
"225","S06_session1_set1_run1-Set1_run1.log","S06","1","1","1","M7flowersD.avi","810030",20,"Action9",173,191
"226","S06_session1_set1_run1-Set1_run1.log","S06","1","1","1","M8frameD.avi","1120074",27,"Action10",195,220
"227","S06_session1_set1_run2-Set1_run2.log","S06","2","1","1","S8frameD.avi","1119990",27,"Action1",6,31
"228","S06_session1_set1_run2-Set1_run2.log","S06","2","1","1","S6cigaretteD.avi","720018",18,"Action2",36,52
"229","S06_session1_set1_run2-Set1_run2.log","S06","2","1","1","M8frameD.avi","1120074",27,"Action3",56,81
"230","S06_session1_set1_run2-Set1_run2.log","S06","2","1","1","S3breakfastD.avi","790027",19,"Action4",86,103
"231","S06_session1_set1_run2-Set1_run2.log","S06","2","1","1","M6cigaretteD.avi","720018",18,"Action5",108,124
"232","S06_session1_set1_run2-Set1_run2.log","S06","2","1","1","S1ballonD.avi","499987",12,"Action6",128,138
"233","S06_session1_set1_run2-Set1_run2.log","S06","2","1","1","M3breakfastD.avi","790027",19,"Action7",143,160
"234","S06_session1_set1_run2-Set1_run2.log","S06","2","1","1","S7flowersD.avi","820031",20,"Action8",165,183
"235","S06_session1_set1_run2-Set1_run2.log","S06","2","1","1","M1ballonD.avi","510071",12,"Action9",187,197
"236","S06_session1_set1_run2-Set1_run2.log","S06","2","1","1","M7flowersD.avi","810030",20,"Action10",202,220
"237","S06_session1_set2_run1-Set2_run1.log","S06","1","1","2","S12letterD.avi","419975",10,"Action1",6,14
"238","S06_session1_set2_run1-Set2_run1.log","S06","1","1","2","S14nailD.avi","489985",12,"Action2",19,29
"239","S06_session1_set2_run1-Set2_run1.log","S06","1","1","2","M12letterD.avi","419975",10,"Action3",33,41
"240","S06_session1_set2_run1-Set2_run1.log","S06","1","1","2","S15juiceD.avi","620004",15,"Action4",46,59
"241","S06_session1_set2_run1-Set2_run1.log","S06","1","1","2","M14nailD.avi","489985",12,"Action5",64,74
"242","S06_session1_set2_run1-Set2_run1.log","S06","1","1","2","S17pillowD.avi","440062",11,"Action6",78,87
"243","S06_session1_set2_run1-Set2_run1.log","S06","1","1","2","M15juiceD.avi","620004",15,"Action7",91,104
"244","S06_session1_set2_run1-Set2_run1.log","S06","1","1","2","S21toastD.avi","650092",16,"Action8",109,123
"245","S06_session1_set2_run1-Set2_run1.log","S06","1","1","2","M17pillowD.avi","439978",11,"Action9",127,136
"246","S06_session1_set2_run1-Set2_run1.log","S06","1","1","2","M21toastD.avi","650008",16,"Action10",140,154
"247","S06_session1_set2_run2-Set2_run2.log","S06","2","1","2","S21toastD.avi","650008",16,"Action1",6,20
"248","S06_session1_set2_run2-Set2_run2.log","S06","2","1","2","S15juiceD.avi","620004",15,"Action2",24,37
"249","S06_session1_set2_run2-Set2_run2.log","S06","2","1","2","M21toastD.avi","650008",16,"Action3",42,56
"250","S06_session1_set2_run2-Set2_run2.log","S06","2","1","2","S14nailD.avi","490069",12,"Action4",60,70
"251","S06_session1_set2_run2-Set2_run2.log","S06","2","1","2","M15juiceD.avi","620003",15,"Action5",74,87
"252","S06_session1_set2_run2-Set2_run2.log","S06","2","1","2","S12letterD.avi","419976",10,"Action6",92,100
"253","S06_session1_set2_run2-Set2_run2.log","S06","2","1","2","M14nailD.avi","489985",12,"Action7",105,115
"254","S06_session1_set2_run2-Set2_run2.log","S06","2","1","2","S17pillowD.avi","439978",11,"Action8",119,128
"255","S06_session1_set2_run2-Set2_run2.log","S06","2","1","2","M12letterD.avi","419976",10,"Action9",132,140
"256","S06_session1_set2_run2-Set2_run2.log","S06","2","1","2","M17pillowD.avi","440062",11,"Action10",145,154
"257","S06_session2_set3_run1-Set3_run1.log","S06","1","2","3","S13lightD.avi","500070",12,"Action1",6,16
"258","S06_session2_set3_run1-Set3_run1.log","S06","1","2","3","S16pencilD.avi","830033",20,"Action2",21,39
"259","S06_session2_set3_run1-Set3_run1.log","S06","1","2","3","M13lightD.avi","510072",12,"Action3",44,54
"260","S06_session2_set3_run1-Set3_run1.log","S06","1","2","3","S18removerD.avi","640090",16,"Action4",59,73
"261","S06_session2_set3_run1-Set3_run1.log","S06","1","2","3","M16pencilD.avi","830033",20,"Action5",77,95
"262","S06_session2_set3_run1-Set3_run1.log","S06","1","2","3","S19sandwichD.avi","760023",19,"Action6",100,117
"263","S06_session2_set3_run1-Set3_run1.log","S06","1","2","3","M18removerD.avi","640006",16,"Action7",121,135
"264","S06_session2_set3_run1-Set3_run1.log","S06","1","2","3","S22shirtD.avi","379970",9,"Action8",139,146
"265","S06_session2_set3_run1-Set3_run1.log","S06","1","2","3","M19sandwichD.avi","770025",19,"Action9",151,168
"266","S06_session2_set3_run1-Set3_run1.log","S06","1","2","3","M22shirtD.avi","380053",9,"Action10",172,179
"267","S06_session2_set3_run2-Set3_run2.log","S06","2","2","3","S22shirtD.avi","379970",9,"Action1",6,13
"268","S06_session2_set3_run2-Set3_run2.log","S06","2","2","3","S18removerD.avi","640006",16,"Action2",18,32
"269","S06_session2_set3_run2-Set3_run2.log","S06","2","2","3","M22shirtD.avi","379970",9,"Action3",36,43
"270","S06_session2_set3_run2-Set3_run2.log","S06","2","2","3","S16pencilD.avi","830033",20,"Action4",48,66
"271","S06_session2_set3_run2-Set3_run2.log","S06","2","2","3","M18removerD.avi","640007",16,"Action5",71,85
"272","S06_session2_set3_run2-Set3_run2.log","S06","2","2","3","S13lightD.avi","500070",12,"Action6",89,99
"273","S06_session2_set3_run2-Set3_run2.log","S06","2","2","3","M16pencilD.avi","830033",20,"Action7",104,122
"274","S06_session2_set3_run2-Set3_run2.log","S06","2","2","3","S19sandwichD.avi","759940",19,"Action8",127,144
"275","S06_session2_set3_run2-Set3_run2.log","S06","2","2","3","M13lightD.avi","509988",12,"Action9",148,158
"276","S06_session2_set3_run2-Set3_run2.log","S06","2","2","3","M19sandwichD.avi","770025",19,"Action10",163,180
"277","S06_session2_set4_run1-Set4_run1.log","S06","1","2","4","S2boatD.avi","940049",23,"Action1",6,27
"278","S06_session2_set4_run1-Set4_run1.log","S06","1","2","4","S4buttonD.avi","660009",16,"Action2",31,45
"279","S06_session2_set4_run1-Set4_run1.log","S06","1","2","4","M2boatD.avi","940049",23,"Action3",50,71
"280","S06_session2_set4_run1-Set4_run1.log","S06","1","2","4","S5cardD.avi","829950",20,"Action4",75,93
"281","S06_session2_set4_run1-Set4_run1.log","S06","1","2","4","M4buttonD.avi","660009",16,"Action5",98,112
"282","S06_session2_set4_run1-Set4_run1.log","S06","1","2","4","M5cardD.avi","830033",20,"Action6",117,135
"283","S06_session2_set4_run2-Set4_run2.log","S06","2","2","4","S5cardD.avi","830033",20,"Action1",6,24
"284","S06_session2_set4_run2-Set4_run2.log","S06","2","2","4","S4buttonD.avi","660009",16,"Action2",29,43
"285","S06_session2_set4_run2-Set4_run2.log","S06","2","2","4","M5cardD.avi","830033",20,"Action3",48,66
"286","S06_session2_set4_run2-Set4_run2.log","S06","2","2","4","S2boatD.avi","940049",23,"Action4",71,92
"287","S06_session2_set4_run2-Set4_run2.log","S06","2","2","4","M4buttonD.avi","660009",16,"Action5",96,110
"288","S06_session2_set4_run2-Set4_run2.log","S06","2","2","4","M2boatD.avi","940049",23,"Action6",115,136
"289","S09_session1_set1_run1-Set1_run1.log","S09","1","1","1","S1ballonD.avi","499987",12,"Action1",5,15
"290","S09_session1_set1_run1-Set1_run1.log","S09","1","1","1","S3breakfastD.avi","790027",19,"Action2",20,37
"291","S09_session1_set1_run1-Set1_run1.log","S09","1","1","1","M1ballonD.avi","510071",12,"Action3",42,52
"292","S09_session1_set1_run1-Set1_run1.log","S09","1","1","1","S6cigaretteD.avi","720017",18,"Action4",57,73
"293","S09_session1_set1_run1-Set1_run1.log","S09","1","1","1","M3breakfastD.avi","790027",19,"Action5",77,94
"294","S09_session1_set1_run1-Set1_run1.log","S09","1","1","1","S7flowersD.avi","820031",20,"Action6",99,117
"295","S09_session1_set1_run1-Set1_run1.log","S09","1","1","1","M6cigaretteD.avi","720101",18,"Action7",121,137
"296","S09_session1_set1_run1-Set1_run1.log","S09","1","1","1","S8frameD.avi","1119990",27,"Action8",141,166
"297","S09_session1_set1_run1-Set1_run1.log","S09","1","1","1","M7flowersD.avi","810030",20,"Action9",171,189
"298","S09_session1_set1_run1-Set1_run1.log","S09","1","1","1","M8frameD.avi","1120073",27,"Action10",193,218
"299","S09_session1_set1_run2-Set1_run2.log","S09","2","1","1","S8frameD.avi","1120073",27,"Action1",5,30
"300","S09_session1_set1_run2-Set1_run2.log","S09","2","1","1","S6cigaretteD.avi","720101",18,"Action2",35,51
"301","S09_session1_set1_run2-Set1_run2.log","S09","2","1","1","M8frameD.avi","1120073",27,"Action3",55,80
"302","S09_session1_set1_run2-Set1_run2.log","S09","2","1","1","S3breakfastD.avi","790027",19,"Action4",85,102
"303","S09_session1_set1_run2-Set1_run2.log","S09","2","1","1","M6cigaretteD.avi","720017",18,"Action5",107,123
"304","S09_session1_set1_run2-Set1_run2.log","S09","2","1","1","S1ballonD.avi","500070",12,"Action6",127,137
"305","S09_session1_set1_run2-Set1_run2.log","S09","2","1","1","M3breakfastD.avi","790027",19,"Action7",142,159
"306","S09_session1_set1_run2-Set1_run2.log","S09","2","1","1","S7flowersD.avi","820031",20,"Action8",164,182
"307","S09_session1_set1_run2-Set1_run2.log","S09","2","1","1","M1ballonD.avi","509988",12,"Action9",186,196
"308","S09_session1_set1_run2-Set1_run2.log","S09","2","1","1","M7flowersD.avi","810030",20,"Action10",201,219
"309","S09_session1_set2_run1-Set2_run1.log","S09","1","1","2","S12letterD.avi","420059",10,"Action1",5,13
"310","S09_session1_set2_run1-Set2_run1.log","S09","1","1","2","S14nailD.avi","490068",12,"Action2",18,28
"311","S09_session1_set2_run1-Set2_run1.log","S09","1","1","2","M12letterD.avi","420059",10,"Action3",32,40
"312","S09_session1_set2_run1-Set2_run1.log","S09","1","1","2","S15juiceD.avi","620003",15,"Action4",45,58
"313","S09_session1_set2_run1-Set2_run1.log","S09","1","1","2","M14nailD.avi","490068",12,"Action5",63,73
"314","S09_session1_set2_run1-Set2_run1.log","S09","1","1","2","S17pillowD.avi","440062",11,"Action6",77,86
"315","S09_session1_set2_run1-Set2_run1.log","S09","1","1","2","M15juiceD.avi","620003",15,"Action7",90,103
"316","S09_session1_set2_run1-Set2_run1.log","S09","1","1","2","S21toastD.avi","650008",16,"Action8",108,122
"317","S09_session1_set2_run1-Set2_run1.log","S09","1","1","2","M17pillowD.avi","440062",11,"Action9",126,135
"318","S09_session1_set2_run1-Set2_run1.log","S09","1","1","2","M21toastD.avi","650008",16,"Action10",139,153
"319","S09_session1_set2_run2-Set2_run2.log","S09","2","1","2","S21toastD.avi","650008",16,"Action1",5,19
"320","S09_session1_set2_run2-Set2_run2.log","S09","2","1","2","S15juiceD.avi","620003",15,"Action2",23,36
"321","S09_session1_set2_run2-Set2_run2.log","S09","2","1","2","M21toastD.avi","650008",16,"Action3",41,55
"322","S09_session1_set2_run2-Set2_run2.log","S09","2","1","2","S14nailD.avi","489985",12,"Action4",59,69
"323","S09_session1_set2_run2-Set2_run2.log","S09","2","1","2","M15juiceD.avi","620003",15,"Action5",73,86
"324","S09_session1_set2_run2-Set2_run2.log","S09","2","1","2","S12letterD.avi","420059",10,"Action6",91,99
"325","S09_session1_set2_run2-Set2_run2.log","S09","2","1","2","M14nailD.avi","490069",12,"Action7",104,114
"326","S09_session1_set2_run2-Set2_run2.log","S09","2","1","2","S17pillowD.avi","440062",11,"Action8",118,127
"327","S09_session1_set2_run2-Set2_run2.log","S09","2","1","2","M12letterD.avi","420059",10,"Action9",131,139
"328","S09_session1_set2_run2-Set2_run2.log","S09","2","1","2","M17pillowD.avi","439978",11,"Action10",144,153
"329","S09_session2_set3_run1-Set3_run1.log","S09","1","2","3","S13lightD.avi","500070",12,"Action1",5,15
"330","S09_session2_set3_run1-Set3_run1.log","S09","1","2","3","S16pencilD.avi","830033",20,"Action2",20,38
"331","S09_session2_set3_run1-Set3_run1.log","S09","1","2","3","M13lightD.avi","510071",12,"Action3",43,53
"332","S09_session2_set3_run1-Set3_run1.log","S09","1","2","3","S18removerD.avi","640089",16,"Action4",58,72
"333","S09_session2_set3_run1-Set3_run1.log","S09","1","2","3","M16pencilD.avi","830033",20,"Action5",76,94
"334","S09_session2_set3_run1-Set3_run1.log","S09","1","2","3","S19sandwichD.avi","760023",19,"Action6",99,116
"335","S09_session2_set3_run1-Set3_run1.log","S09","1","2","3","M18removerD.avi","640006",16,"Action7",120,134
"336","S09_session2_set3_run1-Set3_run1.log","S09","1","2","3","S22shirtD.avi","380053",9,"Action8",138,145
"337","S09_session2_set3_run1-Set3_run1.log","S09","1","2","3","M19sandwichD.avi","770024",19,"Action9",150,167
"338","S09_session2_set3_run1-Set3_run1.log","S09","1","2","3","M22shirtD.avi","380053",9,"Action10",171,178
"339","S09_session2_set3_run2-Set3_run2.log","S09","2","2","3","S22shirtD.avi","380053",9,"Action1",5,12
"340","S09_session2_set3_run2-Set3_run2.log","S09","2","2","3","S18removerD.avi","640006",16,"Action2",17,31
"341","S09_session2_set3_run2-Set3_run2.log","S09","2","2","3","M22shirtD.avi","380053",9,"Action3",35,42
"342","S09_session2_set3_run2-Set3_run2.log","S09","2","2","3","S16pencilD.avi","830033",20,"Action4",47,65
"343","S09_session2_set3_run2-Set3_run2.log","S09","2","2","3","M18removerD.avi","640090",16,"Action5",70,84
"344","S09_session2_set3_run2-Set3_run2.log","S09","2","2","3","S13lightD.avi","499987",12,"Action6",88,98
"345","S09_session2_set3_run2-Set3_run2.log","S09","2","2","3","M16pencilD.avi","830033",20,"Action7",103,121
"346","S09_session2_set3_run2-Set3_run2.log","S09","2","2","3","S19sandwichD.avi","760023",19,"Action8",126,143
"347","S09_session2_set3_run2-Set3_run2.log","S09","2","2","3","M13lightD.avi","510071",12,"Action9",147,157
"348","S09_session2_set3_run2-Set3_run2.log","S09","2","2","3","M19sandwichD.avi","770024",19,"Action10",162,179
"349","S09_session2_set4_run1-Set4_run1.log","S09","1","2","4","S2boatD.avi","939965",23,"Action1",6,27
"350","S09_session2_set4_run1-Set4_run1.log","S09","1","2","4","S4buttonD.avi","660009",16,"Action2",31,45
"351","S09_session2_set4_run1-Set4_run1.log","S09","1","2","4","M2boatD.avi","940048",23,"Action3",50,71
"352","S09_session2_set4_run1-Set4_run1.log","S09","1","2","4","S5cardD.avi","830033",20,"Action4",75,93
"353","S09_session2_set4_run1-Set4_run1.log","S09","1","2","4","M4buttonD.avi","660092",16,"Action5",98,112
"354","S09_session2_set4_run1-Set4_run1.log","S09","1","2","4","M5cardD.avi","830033",20,"Action6",117,135
"355","S09_session2_set4_run2-Set4_run2.log","S09","2","2","4","S5cardD.avi","829949",20,"Action1",5,23
"356","S09_session2_set4_run2-Set4_run2.log","S09","2","2","4","S4buttonD.avi","660009",16,"Action2",28,42
"357","S09_session2_set4_run2-Set4_run2.log","S09","2","2","4","M5cardD.avi","830033",20,"Action3",47,65
"358","S09_session2_set4_run2-Set4_run2.log","S09","2","2","4","S2boatD.avi","940048",23,"Action4",70,91
"359","S09_session2_set4_run2-Set4_run2.log","S09","2","2","4","M4buttonD.avi","660009",16,"Action5",95,109
"360","S09_session2_set4_run2-Set4_run2.log","S09","2","2","4","M2boatD.avi","940048",23,"Action6",114,135
"361","S10_session1_set1_run1-Set1_run1.log","S10","1","1","1","S1ballonD.avi","499986",12,"Action1",6,16
"362","S10_session1_set1_run1-Set1_run1.log","S10","1","1","1","S3breakfastD.avi","790026",19,"Action2",21,38
"363","S10_session1_set1_run1-Set1_run1.log","S10","1","1","1","M1ballonD.avi","510071",12,"Action3",43,53
"364","S10_session1_set1_run1-Set1_run1.log","S10","1","1","1","S6cigaretteD.avi","720100",18,"Action4",58,74
"365","S10_session1_set1_run1-Set1_run1.log","S10","1","1","1","M3breakfastD.avi","790026",19,"Action5",78,95
"366","S10_session1_set1_run1-Set1_run1.log","S10","1","1","1","S7flowersD.avi","820030",20,"Action6",100,118
"367","S10_session1_set1_run1-Set1_run1.log","S10","1","1","1","M6cigaretteD.avi","720017",18,"Action7",122,138
"368","S10_session1_set1_run1-Set1_run1.log","S10","1","1","1","S8frameD.avi","1119989",27,"Action8",142,167
"369","S10_session1_set1_run1-Set1_run1.log","S10","1","1","1","M7flowersD.avi","810029",20,"Action9",172,190
"370","S10_session1_set1_run1-Set1_run1.log","S10","1","1","1","M8frameD.avi","1120072",27,"Action10",194,219
"371","S10_session1_set1_run2-Set1_run2.log","S10","2","1","1","S8frameD.avi","1119989",27,"Action1",5,30
"372","S10_session1_set1_run2-Set1_run2.log","S10","2","1","1","S6cigaretteD.avi","720016",18,"Action2",35,51
"373","S10_session1_set1_run2-Set1_run2.log","S10","2","1","1","M8frameD.avi","1120072",27,"Action3",55,80
"374","S10_session1_set1_run2-Set1_run2.log","S10","2","1","1","S3breakfastD.avi","790026",19,"Action4",85,102
"375","S10_session1_set1_run2-Set1_run2.log","S10","2","1","1","M6cigaretteD.avi","720017",18,"Action5",107,123
"376","S10_session1_set1_run2-Set1_run2.log","S10","2","1","1","S1ballonD.avi","499986",12,"Action6",127,137
"377","S10_session1_set1_run2-Set1_run2.log","S10","2","1","1","M3breakfastD.avi","790026",19,"Action7",142,159
"378","S10_session1_set1_run2-Set1_run2.log","S10","2","1","1","S7flowersD.avi","820030",20,"Action8",164,182
"379","S10_session1_set1_run2-Set1_run2.log","S10","2","1","1","M1ballonD.avi","510071",12,"Action9",186,196
"380","S10_session1_set1_run2-Set1_run2.log","S10","2","1","1","M7flowersD.avi","810029",20,"Action10",201,219
"381","S10_session1_set2_run1-Set2_run1.log","S10","1","1","2","S12letterD.avi","420058",10,"Action1",5,13
"382","S10_session1_set2_run1-Set2_run1.log","S10","1","1","2","S14nailD.avi","490068",12,"Action2",18,28
"383","S10_session1_set2_run1-Set2_run1.log","S10","1","1","2","M12letterD.avi","420058",10,"Action3",32,40
"384","S10_session1_set2_run1-Set2_run1.log","S10","1","1","2","S15juiceD.avi","620086",15,"Action4",45,58
"385","S10_session1_set2_run1-Set2_run1.log","S10","1","1","2","M14nailD.avi","490068",12,"Action5",63,73
"386","S10_session1_set2_run1-Set2_run1.log","S10","1","1","2","S17pillowD.avi","440061",11,"Action6",77,86
"387","S10_session1_set2_run1-Set2_run1.log","S10","1","1","2","M15juiceD.avi","620003",15,"Action7",90,103
"388","S10_session1_set2_run1-Set2_run1.log","S10","1","1","2","S21toastD.avi","650007",16,"Action8",108,122
"389","S10_session1_set2_run1-Set2_run1.log","S10","1","1","2","M17pillowD.avi","440061",11,"Action9",126,135
"390","S10_session1_set2_run1-Set2_run1.log","S10","1","1","2","M21toastD.avi","650007",16,"Action10",139,153
"391","S10_session1_set2_run2-Set2_run2.log","S10","2","1","2","S21toastD.avi","650090",16,"Action1",5,19
"392","S10_session1_set2_run2-Set2_run2.log","S10","2","1","2","S15juiceD.avi","620086",15,"Action2",23,36
"393","S10_session1_set2_run2-Set2_run2.log","S10","2","1","2","M21toastD.avi","650007",16,"Action3",41,55
"394","S10_session1_set2_run2-Set2_run2.log","S10","2","1","2","S14nailD.avi","489985",12,"Action4",59,69
"395","S10_session1_set2_run2-Set2_run2.log","S10","2","1","2","M15juiceD.avi","620003",15,"Action5",73,86
"396","S10_session1_set2_run2-Set2_run2.log","S10","2","1","2","S12letterD.avi","420058",10,"Action6",91,99
"397","S10_session1_set2_run2-Set2_run2.log","S10","2","1","2","M14nailD.avi","490068",12,"Action7",104,114
"398","S10_session1_set2_run2-Set2_run2.log","S10","2","1","2","S17pillowD.avi","440061",11,"Action8",118,127
"399","S10_session1_set2_run2-Set2_run2.log","S10","2","1","2","M12letterD.avi","420058",10,"Action9",131,139
"400","S10_session1_set2_run2-Set2_run2.log","S10","2","1","2","M17pillowD.avi","439978",11,"Action10",144,153
"401","S10_session2_set3_run1-Set3_run1.log","S10","1","2","3","S13lightD.avi","500069",12,"Action1",6,16
"402","S10_session2_set3_run1-Set3_run1.log","S10","1","2","3","S16pencilD.avi","830031",20,"Action2",21,39
"403","S10_session2_set3_run1-Set3_run1.log","S10","1","2","3","M13lightD.avi","509987",12,"Action3",44,54
"404","S10_session2_set3_run1-Set3_run1.log","S10","1","2","3","S18removerD.avi","640005",16,"Action4",59,73
"405","S10_session2_set3_run1-Set3_run1.log","S10","1","2","3","M16pencilD.avi","830031",20,"Action5",77,95
"406","S10_session2_set3_run1-Set3_run1.log","S10","1","2","3","S19sandwichD.avi","760021",19,"Action6",100,117
"407","S10_session2_set3_run1-Set3_run1.log","S10","1","2","3","M18removerD.avi","640088",16,"Action7",121,135
"408","S10_session2_set3_run1-Set3_run1.log","S10","1","2","3","S22shirtD.avi","380052",9,"Action8",139,146
"409","S10_session2_set3_run1-Set3_run1.log","S10","1","2","3","M19sandwichD.avi","770023",19,"Action9",151,168
"410","S10_session2_set3_run1-Set3_run1.log","S10","1","2","3","M22shirtD.avi","380052",9,"Action10",172,179
"411","S10_session2_set3_run2-Set3_run2.log","S10","2","2","3","S22shirtD.avi","380052",9,"Action1",5,12
"412","S10_session2_set3_run2-Set3_run2.log","S10","2","2","3","S18removerD.avi","640005",16,"Action2",17,31
"413","S10_session2_set3_run2-Set3_run2.log","S10","2","2","3","M22shirtD.avi","380052",9,"Action3",35,42
"414","S10_session2_set3_run2-Set3_run2.log","S10","2","2","3","S16pencilD.avi","830031",20,"Action4",47,65
"415","S10_session2_set3_run2-Set3_run2.log","S10","2","2","3","M18removerD.avi","640005",16,"Action5",70,84
"416","S10_session2_set3_run2-Set3_run2.log","S10","2","2","3","S13lightD.avi","499986",12,"Action6",88,98
"417","S10_session2_set3_run2-Set3_run2.log","S10","2","2","3","M16pencilD.avi","830031",20,"Action7",103,121
"418","S10_session2_set3_run2-Set3_run2.log","S10","2","2","3","S19sandwichD.avi","760021",19,"Action8",126,143
"419","S10_session2_set3_run2-Set3_run2.log","S10","2","2","3","M13lightD.avi","510070",12,"Action9",147,157
"420","S10_session2_set3_run2-Set3_run2.log","S10","2","2","3","M19sandwichD.avi","770106",19,"Action10",162,179
"421","S10_session2_set4_run1-Set4_run1.log","S10","1","2","4","S2boatD.avi","939963",23,"Action1",5,26
"422","S10_session2_set4_run1-Set4_run1.log","S10","1","2","4","S4buttonD.avi","660008",16,"Action2",30,44
"423","S10_session2_set4_run1-Set4_run1.log","S10","1","2","4","M2boatD.avi","940046",23,"Action3",49,70
"424","S10_session2_set4_run1-Set4_run1.log","S10","1","2","4","S5cardD.avi","830031",20,"Action4",74,92
"425","S10_session2_set4_run1-Set4_run1.log","S10","1","2","4","M4buttonD.avi","660008",16,"Action5",97,111
"426","S10_session2_set4_run1-Set4_run1.log","S10","1","2","4","M5cardD.avi","830031",20,"Action6",116,134
"427","S10_session2_set4_run2-Set4_run2.log","S10","2","2","4","S5cardD.avi","830031",20,"Action1",5,23
"428","S10_session2_set4_run2-Set4_run2.log","S10","2","2","4","S4buttonD.avi","660008",16,"Action2",28,42
"429","S10_session2_set4_run2-Set4_run2.log","S10","2","2","4","M5cardD.avi","830031",20,"Action3",47,65
"430","S10_session2_set4_run2-Set4_run2.log","S10","2","2","4","S2boatD.avi","940046",23,"Action4",70,91
"431","S10_session2_set4_run2-Set4_run2.log","S10","2","2","4","M4buttonD.avi","660091",16,"Action5",95,109
"432","S10_session2_set4_run2-Set4_run2.log","S10","2","2","4","M2boatD.avi","940046",23,"Action6",114,135
"433","S11_session1_set1_run1-Set1_run1.log","S11","1","1","1","S1ballonD.avi","500000",12,"Action1",6,16
"434","S11_session1_set1_run1-Set1_run1.log","S11","1","1","1","S3breakfastD.avi","790039",19,"Action2",21,38
"435","S11_session1_set1_run1-Set1_run1.log","S11","1","1","1","M1ballonD.avi","510010",12,"Action3",43,53
"436","S11_session1_set1_run1-Set1_run1.log","S11","1","1","1","S6cigaretteD.avi","720053",18,"Action4",58,74
"437","S11_session1_set1_run1-Set1_run1.log","S11","1","1","1","M3breakfastD.avi","790039",19,"Action5",78,95
"438","S11_session1_set1_run1-Set1_run1.log","S11","1","1","1","S7flowersD.avi","819986",20,"Action6",100,118
"439","S11_session1_set1_run1-Set1_run1.log","S11","1","1","1","M6cigaretteD.avi","719969",18,"Action7",122,138
"440","S11_session1_set1_run1-Set1_run1.log","S11","1","1","1","S8frameD.avi","1120036",27,"Action8",142,167
"441","S11_session1_set1_run1-Set1_run1.log","S11","1","1","1","M7flowersD.avi","810059",20,"Action9",172,190
"442","S11_session1_set1_run1-Set1_run1.log","S11","1","1","1","M8frameD.avi","1120036",27,"Action10",194,219
"443","S11_session1_set1_run2-Set1_run2.log","S11","2","1","1","S8frameD.avi","1120035",27,"Action1",5,30
"444","S11_session1_set1_run2-Set1_run2.log","S11","2","1","1","S6cigaretteD.avi","720053",18,"Action2",35,51
"445","S11_session1_set1_run2-Set1_run2.log","S11","2","1","1","M8frameD.avi","1120035",27,"Action3",55,80
"446","S11_session1_set1_run2-Set1_run2.log","S11","2","1","1","S3breakfastD.avi","790039",19,"Action4",85,102
"447","S11_session1_set1_run2-Set1_run2.log","S11","2","1","1","M6cigaretteD.avi","720053",18,"Action5",107,123
"448","S11_session1_set1_run2-Set1_run2.log","S11","2","1","1","S1ballonD.avi","500083",12,"Action6",127,137
"449","S11_session1_set1_run2-Set1_run2.log","S11","2","1","1","M3breakfastD.avi","790039",19,"Action7",142,159
"450","S11_session1_set1_run2-Set1_run2.log","S11","2","1","1","S7flowersD.avi","819986",20,"Action8",164,182
"451","S11_session1_set1_run2-Set1_run2.log","S11","2","1","1","M1ballonD.avi","510009",12,"Action9",186,196
"452","S11_session1_set1_run2-Set1_run2.log","S11","2","1","1","M7flowersD.avi","810059",20,"Action10",201,219
"453","S11_session1_set2_run1-Set2_run1.log","S11","1","1","2","S12letterD.avi","420003",10,"Action1",5,13
"454","S11_session1_set2_run1-Set2_run1.log","S11","1","1","2","S14nailD.avi","490073",12,"Action2",18,28
"455","S11_session1_set2_run1-Set2_run1.log","S11","1","1","2","M12letterD.avi","420086",10,"Action3",32,40
"456","S11_session1_set2_run1-Set2_run1.log","S11","1","1","2","S15juiceD.avi","620036",15,"Action4",45,58
"457","S11_session1_set2_run1-Set2_run1.log","S11","1","1","2","M14nailD.avi","490073",12,"Action5",63,73
"458","S11_session1_set2_run1-Set2_run1.log","S11","1","1","2","S17pillowD.avi","440106",11,"Action6",77,86
"459","S11_session1_set2_run1-Set2_run1.log","S11","1","1","2","M15juiceD.avi","620036",15,"Action7",90,103
"460","S11_session1_set2_run1-Set2_run1.log","S11","1","1","2","S21toastD.avi","649983",16,"Action8",108,122
"461","S11_session1_set2_run1-Set2_run1.log","S11","1","1","2","M17pillowD.avi","440023",11,"Action9",126,135
"462","S11_session1_set2_run1-Set2_run1.log","S11","1","1","2","M21toastD.avi","649983",16,"Action10",139,153
"463","S11_session1_set2_run2-Set2_run2.log","S11","2","1","2","S21toastD.avi","650066",16,"Action1",5,19
"464","S11_session1_set2_run2-Set2_run2.log","S11","2","1","2","S15juiceD.avi","620120",15,"Action2",23,36
"465","S11_session1_set2_run2-Set2_run2.log","S11","2","1","2","M21toastD.avi","649983",16,"Action3",41,55
"466","S11_session1_set2_run2-Set2_run2.log","S11","2","1","2","S14nailD.avi","490073",12,"Action4",59,69
"467","S11_session1_set2_run2-Set2_run2.log","S11","2","1","2","M15juiceD.avi","620036",15,"Action5",73,86
"468","S11_session1_set2_run2-Set2_run2.log","S11","2","1","2","S12letterD.avi","420003",10,"Action6",91,99
"469","S11_session1_set2_run2-Set2_run2.log","S11","2","1","2","M14nailD.avi","489989",12,"Action7",104,114
"470","S11_session1_set2_run2-Set2_run2.log","S11","2","1","2","S17pillowD.avi","440023",11,"Action8",118,127
"471","S11_session1_set2_run2-Set2_run2.log","S11","2","1","2","M12letterD.avi","420086",10,"Action9",131,139
"472","S11_session1_set2_run2-Set2_run2.log","S11","2","1","2","M17pillowD.avi","440023",11,"Action10",144,153
"473","S11_session2_set3_run1-Set3_run1.log","S11","1","2","3","S13lightD.avi","500084",12,"Action1",6,16
"474","S11_session2_set3_run1-Set3_run1.log","S11","1","2","3","S16pencilD.avi","830081",20,"Action2",21,39
"475","S11_session2_set3_run1-Set3_run1.log","S11","1","2","3","M13lightD.avi","510094",12,"Action3",44,54
"476","S11_session2_set3_run1-Set3_run1.log","S11","1","2","3","S18removerD.avi","640057",16,"Action4",59,73
"477","S11_session2_set3_run1-Set3_run1.log","S11","1","2","3","M16pencilD.avi","829997",20,"Action5",77,95
"478","S11_session2_set3_run1-Set3_run1.log","S11","1","2","3","S19sandwichD.avi","760011",19,"Action6",100,117
"479","S11_session2_set3_run1-Set3_run1.log","S11","1","2","3","M18removerD.avi","640057",16,"Action7",121,135
"480","S11_session2_set3_run1-Set3_run1.log","S11","1","2","3","S22shirtD.avi","380047",9,"Action8",139,146
"481","S11_session2_set3_run1-Set3_run1.log","S11","1","2","3","M19sandwichD.avi","770021",19,"Action9",151,168
"482","S11_session2_set3_run1-Set3_run1.log","S11","1","2","3","M22shirtD.avi","380047",9,"Action10",172,179
"483","S11_session2_set3_run2-Set3_run2.log","S11","2","2","3","S22shirtD.avi","379964",9,"Action1",5,12
"484","S11_session2_set3_run2-Set3_run2.log","S11","2","2","3","S18removerD.avi","640057",16,"Action2",17,31
"485","S11_session2_set3_run2-Set3_run2.log","S11","2","2","3","M22shirtD.avi","380047",9,"Action3",35,42
"486","S11_session2_set3_run2-Set3_run2.log","S11","2","2","3","S16pencilD.avi","829997",20,"Action4",47,65
"487","S11_session2_set3_run2-Set3_run2.log","S11","2","2","3","M18removerD.avi","640057",16,"Action5",70,84
"488","S11_session2_set3_run2-Set3_run2.log","S11","2","2","3","S13lightD.avi","500000",12,"Action6",88,98
"489","S11_session2_set3_run2-Set3_run2.log","S11","2","2","3","M16pencilD.avi","829997",20,"Action7",103,121
"490","S11_session2_set3_run2-Set3_run2.log","S11","2","2","3","S19sandwichD.avi","760011",19,"Action8",126,143
"491","S11_session2_set3_run2-Set3_run2.log","S11","2","2","3","M13lightD.avi","510094",12,"Action9",147,157
"492","S11_session2_set3_run2-Set3_run2.log","S11","2","2","3","M19sandwichD.avi","770021",19,"Action10",162,179
"493","S11_session2_set4_run1-Set4_run1.log","S11","1","2","4","S2boatD.avi","940024",23,"Action1",5,26
"494","S11_session2_set4_run1-Set4_run1.log","S11","1","2","4","S4buttonD.avi","660077",16,"Action2",30,44
"495","S11_session2_set4_run1-Set4_run1.log","S11","1","2","4","M2boatD.avi","940024",23,"Action3",49,70
"496","S11_session2_set4_run1-Set4_run1.log","S11","1","2","4","S5cardD.avi","829997",20,"Action4",74,92
"497","S11_session2_set4_run1-Set4_run1.log","S11","1","2","4","M4buttonD.avi","660077",16,"Action5",97,111
"498","S11_session2_set4_run1-Set4_run1.log","S11","1","2","4","M5cardD.avi","830081",20,"Action6",116,134
"499","S11_session2_set4_run2-Set4_run2.log","S11","2","2","4","S5cardD.avi","829997",20,"Action1",5,23
"500","S11_session2_set4_run2-Set4_run2.log","S11","2","2","4","S4buttonD.avi","660077",16,"Action2",28,42
"501","S11_session2_set4_run2-Set4_run2.log","S11","2","2","4","M5cardD.avi","830081",20,"Action3",47,65
"502","S11_session2_set4_run2-Set4_run2.log","S11","2","2","4","S2boatD.avi","940024",23,"Action4",70,91
"503","S11_session2_set4_run2-Set4_run2.log","S11","2","2","4","M4buttonD.avi","660077",16,"Action5",95,109
"504","S11_session2_set4_run2-Set4_run2.log","S11","2","2","4","M2boatD.avi","940024",23,"Action6",114,135
"505","S12_session1_set1_run1-Set1_run1.log","S12","1","1","1","S1ballonD.avi","500083",12,"Action1",5,15
"506","S12_session1_set1_run1-Set1_run1.log","S12","1","1","1","S3breakfastD.avi","790040",19,"Action2",20,37
"507","S12_session1_set1_run1-Set1_run1.log","S12","1","1","1","M1ballonD.avi","510010",12,"Action3",42,52
"508","S12_session1_set1_run1-Set1_run1.log","S12","1","1","1","S6cigaretteD.avi","719970",18,"Action4",57,73
"509","S12_session1_set1_run1-Set1_run1.log","S12","1","1","1","M3breakfastD.avi","790040",19,"Action5",77,94
"510","S12_session1_set1_run1-Set1_run1.log","S12","1","1","1","S7flowersD.avi","820070",20,"Action6",99,117
"511","S12_session1_set1_run1-Set1_run1.log","S12","1","1","1","M6cigaretteD.avi","720053",18,"Action7",121,137
"512","S12_session1_set1_run1-Set1_run1.log","S12","1","1","1","S8frameD.avi","1120037",27,"Action8",141,166
"513","S12_session1_set1_run1-Set1_run1.log","S12","1","1","1","M7flowersD.avi","810060",20,"Action9",171,189
"514","S12_session1_set1_run1-Set1_run1.log","S12","1","1","1","M8frameD.avi","1120037",27,"Action10",193,218
"515","S12_session1_set1_run2-Set1_run2.log","S12","2","1","1","S8frameD.avi","1120037",27,"Action1",5,30
"516","S12_session1_set1_run2-Set1_run2.log","S12","2","1","1","S6cigaretteD.avi","720053",18,"Action2",35,51
"517","S12_session1_set1_run2-Set1_run2.log","S12","2","1","1","M8frameD.avi","1120037",27,"Action3",55,80
"518","S12_session1_set1_run2-Set1_run2.log","S12","2","1","1","S3breakfastD.avi","789957",19,"Action4",85,102
"519","S12_session1_set1_run2-Set1_run2.log","S12","2","1","1","M6cigaretteD.avi","720053",18,"Action5",107,123
"520","S12_session1_set1_run2-Set1_run2.log","S12","2","1","1","S1ballonD.avi","500083",12,"Action6",127,137
"521","S12_session1_set1_run2-Set1_run2.log","S12","2","1","1","M3breakfastD.avi","790040",19,"Action7",142,159
"522","S12_session1_set1_run2-Set1_run2.log","S12","2","1","1","S7flowersD.avi","819987",20,"Action8",164,182
"523","S12_session1_set1_run2-Set1_run2.log","S12","2","1","1","M1ballonD.avi","510010",12,"Action9",186,196
"524","S12_session1_set1_run2-Set1_run2.log","S12","2","1","1","M7flowersD.avi","810060",20,"Action10",201,219
"525","S12_session1_set2_run1-Set2_run1.log","S12","1","1","2","S12letterD.avi","420003",10,"Action1",5,13
"526","S12_session1_set2_run1-Set2_run1.log","S12","1","1","2","S14nailD.avi","490073",12,"Action2",18,28
"527","S12_session1_set2_run1-Set2_run1.log","S12","1","1","2","M12letterD.avi","420087",10,"Action3",32,40
"528","S12_session1_set2_run1-Set2_run1.log","S12","1","1","2","S15juiceD.avi","620037",15,"Action4",45,58
"529","S12_session1_set2_run1-Set2_run1.log","S12","1","1","2","M14nailD.avi","489990",12,"Action5",63,73
"530","S12_session1_set2_run1-Set2_run1.log","S12","1","1","2","S17pillowD.avi","440023",11,"Action6",77,86
"531","S12_session1_set2_run1-Set2_run1.log","S12","1","1","2","M15juiceD.avi","620037",15,"Action7",90,103
"532","S12_session1_set2_run1-Set2_run1.log","S12","1","1","2","S21toastD.avi","649984",16,"Action8",108,122
"533","S12_session1_set2_run1-Set2_run1.log","S12","1","1","2","M17pillowD.avi","440023",11,"Action9",126,135
"534","S12_session1_set2_run1-Set2_run1.log","S12","1","1","2","M21toastD.avi","649983",16,"Action10",139,153
"535","S12_session1_set2_run2-Set2_run2.log","S12","2","1","2","S21toastD.avi","649983",16,"Action1",5,19
"536","S12_session1_set2_run2-Set2_run2.log","S12","2","1","2","S15juiceD.avi","620037",15,"Action2",23,36
"537","S12_session1_set2_run2-Set2_run2.log","S12","2","1","2","M21toastD.avi","649983",16,"Action3",41,55
"538","S12_session1_set2_run2-Set2_run2.log","S12","2","1","2","S14nailD.avi","490074",12,"Action4",59,69
"539","S12_session1_set2_run2-Set2_run2.log","S12","2","1","2","M15juiceD.avi","620037",15,"Action5",73,86
"540","S12_session1_set2_run2-Set2_run2.log","S12","2","1","2","S12letterD.avi","420003",10,"Action6",91,99
"541","S12_session1_set2_run2-Set2_run2.log","S12","2","1","2","M14nailD.avi","490074",12,"Action7",104,114
"542","S12_session1_set2_run2-Set2_run2.log","S12","2","1","2","S17pillowD.avi","440023",11,"Action8",118,127
"543","S12_session1_set2_run2-Set2_run2.log","S12","2","1","2","M12letterD.avi","420087",10,"Action9",131,139
"544","S12_session1_set2_run2-Set2_run2.log","S12","2","1","2","M17pillowD.avi","440023",11,"Action10",144,153
"545","S12_session2_set3_run1-Set3_run1.log","S12","1","2","3","S13lightD.avi","499999",12,"Action1",5,15
"546","S12_session2_set3_run1-Set3_run1.log","S12","1","2","3","S16pencilD.avi","830079",20,"Action2",20,38
"547","S12_session2_set3_run1-Set3_run1.log","S12","1","2","3","M13lightD.avi","510009",12,"Action3",43,53
"548","S12_session2_set3_run1-Set3_run1.log","S12","1","2","3","S18removerD.avi","640056",16,"Action4",58,72
"549","S12_session2_set3_run1-Set3_run1.log","S12","1","2","3","M16pencilD.avi","830079",20,"Action5",76,94
"550","S12_session2_set3_run1-Set3_run1.log","S12","1","2","3","S19sandwichD.avi","760009",19,"Action6",99,116
"551","S12_session2_set3_run1-Set3_run1.log","S12","1","2","3","M18removerD.avi","639973",16,"Action7",120,134
"552","S12_session2_set3_run1-Set3_run1.log","S12","1","2","3","S22shirtD.avi","380046",9,"Action8",138,145
"553","S12_session2_set3_run1-Set3_run1.log","S12","1","2","3","M19sandwichD.avi","770019",19,"Action9",150,167
"554","S12_session2_set3_run1-Set3_run1.log","S12","1","2","3","M22shirtD.avi","380046",9,"Action10",171,178
"555","S12_session2_set3_run2-Set3_run2.log","S12","2","2","3","S22shirtD.avi","380046",9,"Action1",5,12
"556","S12_session2_set3_run2-Set3_run2.log","S12","2","2","3","S18removerD.avi","640056",16,"Action2",17,31
"557","S12_session2_set3_run2-Set3_run2.log","S12","2","2","3","M22shirtD.avi","380046",9,"Action3",35,42
"558","S12_session2_set3_run2-Set3_run2.log","S12","2","2","3","S16pencilD.avi","829996",20,"Action4",47,65
"559","S12_session2_set3_run2-Set3_run2.log","S12","2","2","3","M18removerD.avi","640056",16,"Action5",70,84
"560","S12_session2_set3_run2-Set3_run2.log","S12","2","2","3","S13lightD.avi","499999",12,"Action6",88,98
"561","S12_session2_set3_run2-Set3_run2.log","S12","2","2","3","M16pencilD.avi","830079",20,"Action7",103,121
"562","S12_session2_set3_run2-Set3_run2.log","S12","2","2","3","S19sandwichD.avi","760009",19,"Action8",126,143
"563","S12_session2_set3_run2-Set3_run2.log","S12","2","2","3","M13lightD.avi","510009",12,"Action9",147,157
"564","S12_session2_set3_run2-Set3_run2.log","S12","2","2","3","M19sandwichD.avi","770019",19,"Action10",162,179
"565","S12_session2_set4_run1-Set4_run1.log","S12","1","2","4","S2boatD.avi","940022",23,"Action1",6,27
"566","S12_session2_set4_run1-Set4_run1.log","S12","1","2","4","S4buttonD.avi","660076",16,"Action2",31,45
"567","S12_session2_set4_run1-Set4_run1.log","S12","1","2","4","M2boatD.avi","940022",23,"Action3",50,71
"568","S12_session2_set4_run1-Set4_run1.log","S12","1","2","4","S5cardD.avi","830079",20,"Action4",75,93
"569","S12_session2_set4_run1-Set4_run1.log","S12","1","2","4","M4buttonD.avi","659993",16,"Action5",98,112
"570","S12_session2_set4_run1-Set4_run1.log","S12","1","2","4","M5cardD.avi","829996",20,"Action6",117,135
"571","S12_session2_set4_run2-Set4_run2.log","S12","2","2","4","S5cardD.avi","830079",20,"Action1",5,23
"572","S12_session2_set4_run2-Set4_run2.log","S12","2","2","4","S4buttonD.avi","659993",16,"Action2",28,42
"573","S12_session2_set4_run2-Set4_run2.log","S12","2","2","4","M5cardD.avi","829996",20,"Action3",47,65
"574","S12_session2_set4_run2-Set4_run2.log","S12","2","2","4","S2boatD.avi","940022",23,"Action4",70,91
"575","S12_session2_set4_run2-Set4_run2.log","S12","2","2","4","M4buttonD.avi","659993",16,"Action5",95,109
"576","S12_session2_set4_run2-Set4_run2.log","S12","2","2","4","M2boatD.avi","940022",23,"Action6",114,135
"577","S14_session1_set1_run1-Set1_run1.log","S14","1","1","1","S1ballonD.avi","500083",12,"Action1",5,15
"578","S14_session1_set1_run1-Set1_run1.log","S14","1","1","1","S3breakfastD.avi","790040",19,"Action2",20,37
"579","S14_session1_set1_run1-Set1_run1.log","S14","1","1","1","M1ballonD.avi","510010",12,"Action3",42,52
"580","S14_session1_set1_run1-Set1_run1.log","S14","1","1","1","S6cigaretteD.avi","719970",18,"Action4",57,73
"581","S14_session1_set1_run1-Set1_run1.log","S14","1","1","1","M3breakfastD.avi","790040",19,"Action5",77,94
"582","S14_session1_set1_run1-Set1_run1.log","S14","1","1","1","S7flowersD.avi","820070",20,"Action6",99,117
"583","S14_session1_set1_run1-Set1_run1.log","S14","1","1","1","M6cigaretteD.avi","720053",18,"Action7",121,137
"584","S14_session1_set1_run1-Set1_run1.log","S14","1","1","1","S8frameD.avi","1120036",27,"Action8",141,166
"585","S14_session1_set1_run1-Set1_run1.log","S14","1","1","1","M7flowersD.avi","810060",20,"Action9",171,189
"586","S14_session1_set1_run1-Set1_run1.log","S14","1","1","1","M8frameD.avi","1120037",27,"Action10",193,218
"587","S14_session1_set1_run2-Set1_run2.log","S14","2","1","1","S8frameD.avi","1120037",27,"Action1",5,30
"588","S14_session1_set1_run2-Set1_run2.log","S14","2","1","1","S6cigaretteD.avi","720053",18,"Action2",35,51
"589","S14_session1_set1_run2-Set1_run2.log","S14","2","1","1","M8frameD.avi","1120037",27,"Action3",55,80
"590","S14_session1_set1_run2-Set1_run2.log","S14","2","1","1","S3breakfastD.avi","790040",19,"Action4",85,102
"591","S14_session1_set1_run2-Set1_run2.log","S14","2","1","1","M6cigaretteD.avi","720053",18,"Action5",107,123
"592","S14_session1_set1_run2-Set1_run2.log","S14","2","1","1","S1ballonD.avi","500000",12,"Action6",127,137
"593","S14_session1_set1_run2-Set1_run2.log","S14","2","1","1","M3breakfastD.avi","790040",19,"Action7",142,159
"594","S14_session1_set1_run2-Set1_run2.log","S14","2","1","1","S7flowersD.avi","819987",20,"Action8",164,182
"595","S14_session1_set1_run2-Set1_run2.log","S14","2","1","1","M1ballonD.avi","510093",12,"Action9",186,196
"596","S14_session1_set1_run2-Set1_run2.log","S14","2","1","1","M7flowersD.avi","810060",20,"Action10",201,219
"597","S14_session1_set2_run1-Set2_run1.log","S14","1","1","2","S12letterD.avi","420003",10,"Action1",6,14
"598","S14_session1_set2_run1-Set2_run1.log","S14","1","1","2","S14nailD.avi","490073",12,"Action2",19,29
"599","S14_session1_set2_run1-Set2_run1.log","S14","1","1","2","M12letterD.avi","420003",10,"Action3",33,41
"600","S14_session1_set2_run1-Set2_run1.log","S14","1","1","2","S15juiceD.avi","620037",15,"Action4",46,59
"601","S14_session1_set2_run1-Set2_run1.log","S14","1","1","2","M14nailD.avi","489990",12,"Action5",64,74
"602","S14_session1_set2_run1-Set2_run1.log","S14","1","1","2","S17pillowD.avi","440023",11,"Action6",78,87
"603","S14_session1_set2_run1-Set2_run1.log","S14","1","1","2","M15juiceD.avi","620037",15,"Action7",91,104
"604","S14_session1_set2_run1-Set2_run1.log","S14","1","1","2","S21toastD.avi","650067",16,"Action8",109,123
"605","S14_session1_set2_run1-Set2_run1.log","S14","1","1","2","M17pillowD.avi","440107",11,"Action9",127,136
"606","S14_session1_set2_run1-Set2_run1.log","S14","1","1","2","M21toastD.avi","650067",16,"Action10",140,154
"607","S14_session1_set2_run2-Set2_run2.log","S14","2","1","2","S21toastD.avi","649983",16,"Action1",5,19
"608","S14_session1_set2_run2-Set2_run2.log","S14","2","1","2","S15juiceD.avi","620037",15,"Action2",23,36
"609","S14_session1_set2_run2-Set2_run2.log","S14","2","1","2","M21toastD.avi","650067",16,"Action3",41,55
"610","S14_session1_set2_run2-Set2_run2.log","S14","2","1","2","S14nailD.avi","489990",12,"Action4",59,69
"611","S14_session1_set2_run2-Set2_run2.log","S14","2","1","2","M15juiceD.avi","620037",15,"Action5",73,86
"612","S14_session1_set2_run2-Set2_run2.log","S14","2","1","2","S12letterD.avi","420003",10,"Action6",91,99
"613","S14_session1_set2_run2-Set2_run2.log","S14","2","1","2","M14nailD.avi","490073",12,"Action7",104,114
"614","S14_session1_set2_run2-Set2_run2.log","S14","2","1","2","S17pillowD.avi","440023",11,"Action8",118,127
"615","S14_session1_set2_run2-Set2_run2.log","S14","2","1","2","M12letterD.avi","420003",10,"Action9",131,139
"616","S14_session1_set2_run2-Set2_run2.log","S14","2","1","2","M17pillowD.avi","440023",11,"Action10",144,153
"617","S14_session2_set3_run1-Set3_run1.log","S14","1","2","3","S13lightD.avi","500001",12,"Action1",6,16
"618","S14_session2_set3_run1-Set3_run1.log","S14","1","2","3","S16pencilD.avi","830081",20,"Action2",21,39
"619","S14_session2_set3_run1-Set3_run1.log","S14","1","2","3","M13lightD.avi","510011",12,"Action3",44,54
"620","S14_session2_set3_run1-Set3_run1.log","S14","1","2","3","S18removerD.avi","640058",16,"Action4",59,73
"621","S14_session2_set3_run1-Set3_run1.log","S14","1","2","3","M16pencilD.avi","829998",20,"Action5",77,95
"622","S14_session2_set3_run1-Set3_run1.log","S14","1","2","3","S19sandwichD.avi","760094",19,"Action6",100,117
"623","S14_session2_set3_run1-Set3_run1.log","S14","1","2","3","M18removerD.avi","639974",16,"Action7",121,135
"624","S14_session2_set3_run1-Set3_run1.log","S14","1","2","3","S22shirtD.avi","380047",9,"Action8",139,146
"625","S14_session2_set3_run1-Set3_run1.log","S14","1","2","3","M19sandwichD.avi","770021",19,"Action9",151,168
"626","S14_session2_set3_run1-Set3_run1.log","S14","1","2","3","M22shirtD.avi","380047",9,"Action10",172,179
"627","S14_session2_set3_run2-Set3_run2.log","S14","2","2","3","S22shirtD.avi","380047",9,"Action1",5,12
"628","S14_session2_set3_run2-Set3_run2.log","S14","2","2","3","S18removerD.avi","639974",16,"Action2",17,31
"629","S14_session2_set3_run2-Set3_run2.log","S14","2","2","3","M22shirtD.avi","380047",9,"Action3",35,42
"630","S14_session2_set3_run2-Set3_run2.log","S14","2","2","3","S16pencilD.avi","829998",20,"Action4",47,65
"631","S14_session2_set3_run2-Set3_run2.log","S14","2","2","3","M18removerD.avi","639974",16,"Action5",70,84
"632","S14_session2_set3_run2-Set3_run2.log","S14","2","2","3","S13lightD.avi","500001",12,"Action6",88,98
"633","S14_session2_set3_run2-Set3_run2.log","S14","2","2","3","M16pencilD.avi","829998",20,"Action7",103,121
"634","S14_session2_set3_run2-Set3_run2.log","S14","2","2","3","S19sandwichD.avi","760011",19,"Action8",126,143
"635","S14_session2_set3_run2-Set3_run2.log","S14","2","2","3","M13lightD.avi","510094",12,"Action9",147,157
"636","S14_session2_set3_run2-Set3_run2.log","S14","2","2","3","M19sandwichD.avi","770021",19,"Action10",162,179
"637","S14_session2_set4_run1-Set4_run1.log","S14","1","2","4","S2boatD.avi","940025",23,"Action1",5,26
"638","S14_session2_set4_run1-Set4_run1.log","S14","1","2","4","S4buttonD.avi","659994",16,"Action2",30,44
"639","S14_session2_set4_run1-Set4_run1.log","S14","1","2","4","M2boatD.avi","940025",23,"Action3",49,70
"640","S14_session2_set4_run1-Set4_run1.log","S14","1","2","4","S5cardD.avi","829998",20,"Action4",74,92
"641","S14_session2_set4_run1-Set4_run1.log","S14","1","2","4","M4buttonD.avi","659994",16,"Action5",97,111
"642","S14_session2_set4_run1-Set4_run1.log","S14","1","2","4","M5cardD.avi","829998",20,"Action6",116,134
"643","S14_session2_set4_run2-Set4_run2.log","S14","2","2","4","S5cardD.avi","829998",20,"Action1",5,23
"644","S14_session2_set4_run2-Set4_run2.log","S14","2","2","4","S4buttonD.avi","660078",16,"Action2",28,42
"645","S14_session2_set4_run2-Set4_run2.log","S14","2","2","4","M5cardD.avi","830081",20,"Action3",47,65
"646","S14_session2_set4_run2-Set4_run2.log","S14","2","2","4","S2boatD.avi","940025",23,"Action4",70,91
"647","S14_session2_set4_run2-Set4_run2.log","S14","2","2","4","M4buttonD.avi","660078",16,"Action5",95,109
"648","S14_session2_set4_run2-Set4_run2.log","S14","2","2","4","M2boatD.avi","940025",23,"Action6",114,135
